{
  "project_info": {
    "project_number": "920742407565",
    "project_id": "chrystal-notif",
    "storage_bucket": "chrystal-notif.firebasestorage.app"
  },
  "client": [
    {
      "client_info": {
        "mobilesdk_app_id": "1:920742407565:android:2ecdb166da8f3dd3ad21c4",
        "android_client_info": {
          "package_name": "com.ob_eduardo.Krystal"
        }
      },
      "oauth_client": [],
      "api_key": [
        {
          "current_key": "AIzaSyB5L2U53ETPXvJvTkXFxnqu69Kz7P5y--k"
        }
      ],
      "services": {
        "appinvite_service": {
          "other_platform_oauth_client": []
        }
      }
    }
  ],
  "configuration_version": "1"
}